Borough_Name,Venue_Name,Venue_Category_Name,Venue_Location,Venue_Latitude,Venue_Longitude
Северное Бутово,Ddx Fitness,Gym / Fitness Center,117216,55.56513567954536,37.55649930260756
Северное Бутово,Спорт Нация,Gym,"ТЦ «Апельсин» (Куликовская ул., 9), 117216",55.56752713903085,37.56172421945265
Северное Бутово,Фитнес Холл,Gym / Fitness Center,"Знаменские Садки ул., 7а, стр. 1",55.573599544228436,37.56905724917235
Северное Бутово,White Boys Rugby Stadium,Martial Arts Dojo,Россия,55.57444799878487,37.568515450807425
Северное Бутово,Спортивный комплекс «Синяя птица»,Gym,Старокачаловская ул.,55.57096847370742,37.58460030368013
Бирюлёво Западное,Gym,Gym,Россия,55.57386428862442,37.63358102713139
Бирюлёво Западное,"Фитнесс-клуб ""Идеал""",Gym,Булатниковская ул.,55.58133272506679,37.6485278516824
Чертаново Северное,Тренажерка (Час Спорта),Gym,Россия,55.624541159557616,37.590330793452075
Чертаново Северное,Fitness Club Plastiline,Gym / Fitness Center,"7 Континент (ул. Днепропетровская, 4А)",55.623288784668595,37.60176159932821
Обручевский,Power Style,Gym,"Ул. Островитянова, д. 6",55.64670536796047,37.50039971716881
Чертаново Северное,Спринт,Gym / Fitness Center,"Варшавское ш., 125ж, корп. 5, 117587",55.62221578977691,37.62168712379438
Чертаново Северное,Air Fitness ❤,Gym / Fitness Center,Россия,55.634262093788706,37.59011910621726
Чертаново Северное,World Class LITE,Gym / Fitness Center,"Варшавское шоссе, д.122 А, 117587",55.62933103414901,37.61633867644771
Обручевский,Спортзал,Gym,БЦ «Парк плейс»,55.65603725114225,37.498390027328455
Чертаново Северное,Nice Fitness,Gym / Fitness Center,"мкрн. Северное Чертаново, 1а, корп. 1, 111111",55.63738755219777,37.59780046037741
Чертаново Северное,"спортклуб ""Персей""",Gym / Fitness Center,"Сумской проезд, 6А (Сумской проезд), 117208",55.63589514130211,37.609412403364814
Чертаново Северное,Панджшер,Gym / Fitness Center,"Сумской пр., 8, корп. 3",55.63523878373461,37.61260505071649
Чертаново Северное,Bikram Yoga Varshavka,Yoga Studio,"Варшавское ш., 118, корп. 1 (БЦ Варшавка-SKY), 117587",55.631095010025255,37.61767032103243
Чертаново Северное,Московский центр боевых искусств,Martial Arts Dojo,"Варшавское ш., 118, корп. 1, 117587",55.63201516438407,37.61832618469792
Обручевский,World Class,Gym / Fitness Center,"Ленинский проспект, д.109, 119421",55.66372488308838,37.51106810235085
Обручевский,"Спортивный клуб ""Ермак""",Gym,"ул. Обручева, 23, к. 3 (ул. Архитектора Власова)",55.657347989337474,37.5296350944035
Чертаново Северное,Фитнес-клуб Академия Спорта,Gym / Fitness Center,"ТЦ Аэробус (Варшавское ш., 95, корп.1)",55.640340474978466,37.62152911752587
Обручевский,Wellness Park,Gym / Fitness Center,"Воронцовские пруды, 3, 117530",55.66430626849279,37.53642632432754
Обручевский,Зебра,Gym / Fitness Center,"Профсоюзная, 76",55.661551292506246,37.54324091955926
Черёмушки,Газпром ФОК,Gym,Наметкина 16,55.658879651741884,37.556657952911685
Черёмушки,Газпром - Оздоровительный Центр,Gym / Fitness Center,"Наметкина, 16",55.65814876546739,37.557063102722175
Нагорный,ДА!ФИТНЕС,Gym / Fitness Center,Артековская 5,55.649979034830466,37.61384964431701
Проспект Вернадского,Gym Fitness Studio,Gym / Fitness Center,"Лобачевского, 74",55.67545417634727,37.49136984496281
Проспект Вернадского,Gymnastika,Gym / Fitness Center,"просп. Вернадского, 53",55.673413902411525,37.501348385915186
Проспект Вернадского,Амрита,Yoga Studio,"Удальцова 5/2, 119415",55.67229650430119,37.51666556506436
Обручевский,Eastetica,Yoga Studio,"ул. Новаторов, 1",55.66851835071273,37.52534122181589
Черёмушки,World Class,Gym / Fitness Center,"улица Намёткина, д.6, стр. 1 (Профсоюзная ул.), 117420",55.66386,37.54907
Москворечье-Сабурово,Тонус Клуб,Gym / Fitness Center,"ул. Москворечье, 31",55.644995804368925,37.65888450914558
Москворечье-Сабурово,Yoga INN,Yoga Studio,"ул. Москворечье, 31",55.644935474276295,37.65913452313957
Москворечье-Сабурово,Force Factory,Gym,"ул Москворечье д14 с2, 115409",55.644346,37.663973
Москворечье-Сабурово,Фитнес-центр Зазеркалье,Gym / Fitness Center,Ул. Кантемировская д. 6 корп. 1,55.63787718147568,37.678087025308116
Москворечье-Сабурово,Миллениум,Gym / Fitness Center,"Каширское ш., 55а, 115211",55.63838686461318,37.692412370034546
Москворечье-Сабурово,Сабуровец,Gym,"Каширское шоссе, д. 57, корп 5, 115211",55.63766487869376,37.697646000765424
Проспект Вернадского,Swim & Gym,Gym / Fitness Center,"ул. Удальцова, 40, 119454",55.6835385960996,37.492860915463844
Проспект Вернадского,Москва-98 Художественная Гимнастика,Gym,Россия,55.683388149661596,37.491777599743024
Проспект Вернадского,МД-Фит,Gym / Fitness Center,"просп. Вернадского, 37, корп. 2",55.67763885606199,37.50969529151917
Проспект Вернадского,Power Plate,Gym / Fitness Center,"ул. Удальцова, 10",55.67471702980359,37.51368003197868
Обручевский,World Class,Gym / Fitness Center,"ул. Архитектора Власова, д.22, 117393",55.66946,37.54227
Обручевский,"СК ""Черемушки”",Gym / Fitness Center,"Профсоюзная ул., 62 к5, 117393",55.66862126925199,37.54761125717553
Черёмушки,World Class LITE,Gym / Fitness Center,"Севастопольский проспект, д.28 Г, 117209",55.664182693035634,37.5770205689228
Черёмушки,Спорткомплекс НГК Итера,Gym,Россия,55.66532955724775,37.57977879287999
Черёмушки,Ashihara Karate ITERA,Martial Arts Dojo,Севастопольский проспект,55.66499968036341,37.579527090306456
Ломоносовский,"Физкультурно - оздоровительный комплекс ""Надежда""",Gym / Fitness Center,"ул. Крупской д.1 к.1, 119261",55.68045893470807,37.52922790632214
Ломоносовский,iGym,Gym / Fitness Center,"ул. Гарибальди, д. 7, 119313",55.67716379219418,37.53689659425427
Черёмушки,World Class Lady’s,Gym / Fitness Center,"Профсоюзная улица, д.31 корп. 5, 117418",55.672082709752,37.55937362495772
Черёмушки,Фитнес Люди,Gym / Fitness Center,"Профсоюзная ул., 25",55.67420132572792,37.561472976032796
Котловка,U Fit,Gym / Fitness Center,Москва,55.66876549766257,37.59103539500837
Ломоносовский,Soul La Grange,Gym / Fitness Center,"Вавилова, д. 81, корп. 1",55.679681007636425,37.547062536430175
Нагорный,Yoga  Practika,Yoga Studio,"Симферопольский пр., 18б",55.66524009572088,37.614827845526825
Братеево,Фитнес Гуру,Gym / Fitness Center,"ТЦ Браво (ул. Борисовские Пруды, 26, стр. 2), 115408",55.638951738350286,37.759172916412346
Ломоносовский,Vital Practice,Yoga Studio,"просп. Вернадского, 11/19 (ул. Строителей)",55.68865034333208,37.53117261138353
Ломоносовский,L-class,Gym,"Вернадского Пр-т, 13",55.68773248692329,37.52657649934217
Ломоносовский,Фитнес,Gym / Fitness Center,Проспект Вернадского 15,55.68740029805222,37.52709989605553
Нагатино-Садовники,СССР,Gym / Fitness Center,"Хлебозаводский пр., 7, стр. 10",55.67029821083976,37.63377525433608
Академический,Лотос,Gym / Fitness Center,"ул. Кедрова, 14, корп. 1, 117218",55.6835596265021,37.571835781670906
Нагорный,Атмосфера,Climbing Gym,"Электролитный Проезд, 7б",55.676019852481424,37.612619165127136
Нагорный,НебоТут,Gymnastics Gym,"Электролитный пр., 3, стр. 2, 115230",55.6749611423222,37.61839631284239
Нагорный,Klokov & Baza Team,Gym / Fitness Center,Москва,55.67501805978029,37.61588594011995
Нагорный,"Клуб КУДО ""Профессионал""",Martial Arts Dojo,"Электролитный пр., 3, к. 2",55.673717316551546,37.62152060364033
Нагатино-Садовники,Club 18 fight & fitness,Gym / Fitness Center,"1-й Нагатинский пр., 15",55.67416972067417,37.63263614409917
Нагатино-Садовники,Muai Thai 18fit,Martial Arts Dojo,Россия,55.67418860401131,37.632505076408364
Фили-Давыдково,Let’s Do Pilates,Pilates Studio,119517,55.712467000000004,37.467433
Академический,Naused центр гимнастики и акробатики,Gymnastics Gym,Черёмушкий пр-д дом 5,55.691772,37.570251
Академический,Dr. Loder,Gym / Fitness Center,"ул. Дмитрия Ульянова, 31 (Новочерёмушкинская ул.)",55.68492098334243,37.58594929501382
Нагатино-Садовники,X-Fit,Gym / Fitness Center,"Newton Plaza (1-й Нагатинский пр., 10), 115533",55.67886081881465,37.63140109496368
Капотня,Тренажорка В Капотне,Gym,Россия,55.64716166840683,37.7938473195394
Котловка,Spirit Fitness,Gym / Fitness Center,"ТРЦ «Рио» (Большая Черёмушкинская ул., 1), 117447",55.69027249843329,37.60136208249078
Нагатино-Садовники,CrossFit IDOL Nagatino,Gym,Нагатинская,55.68322137247803,37.63004559558569
Нагатино-Садовники,Fight Club #1,Martial Arts Dojo,Нагатинская наб. 2,55.68551318397295,37.62911772543765
Академический,Спортзал Сбербанка,Gym / Fitness Center,"Сбербанк HQ (ул. Вавилова, 19)",55.69932050827803,37.580210180190676
Донской,Good Time with Sonya Neks,Gym / Fitness Center,Варшавское Шоссе Д. 33 Стр. 13,55.691230301330364,37.6228965210601
Нагатино-Садовники,Клуб Единоборств #1,Martial Arts Dojo,Нагатинская набережная 2,55.68573925551858,37.62856554132238
Нагатино-Садовники,RockZona,Climbing Gym,"просп. Андропова, 22",55.683569817076595,37.66198295502931
Нагатино-Садовники,Alex Fitness (Алекс Фитнес),Gym / Fitness Center,"БЦ «Нагатинский» (просп. Андропова, 22), 115533",55.6831632856069,37.66268456063457
Печатники,СК Южный,Gym,Россия,55.66980702454149,37.72117981294658
Донской,World Class,Gym / Fitness Center,"Варшавское шоссе, д.12А, 117105",55.69706964100338,37.618088722229
Донской,Планета Фитнес,Gym / Fitness Center,"Варшавское ш., 14, стр. 1, 117105",55.69603445926293,37.62012720108032
Донской,Спортзал СберТеха,Gym,"Новоданиловская наб., д.10",55.69585362622182,37.62605533990959
Печатники,Зебра Фитнес SPA БАССЕЙН,Gym / Fitness Center,Полбина 33,55.67304965107421,37.72514458251535
Фили-Давыдково,"Спортивный комплекс ""Фили-Давыдково 2000""",Gym,"ул. Малая Филевская, 34, к1, 121433",55.73434542414096,37.457453511720345
Фили-Давыдково,WeGym,Gym / Fitness Center,"Давыдковская ул., 3, стр. 1 (Славянский бул.), 121352",55.72712597968588,37.48088483173533
Донской,Eagle Trampoline,Gymnastics Gym,"Загородное ш., 1, корп. 2, стр. 2, 117152",55.69935488744528,37.61529558982485
Даниловский,Atletika Fitness Club (Атлетика),Gym / Fitness Center,"Проектируемый пр., 4062, корп. 2 (просп. Андропова)",55.69295392850196,37.66065548350754
Печатники,Территория Фитнеса,Gym / Fitness Center,"ул. Гурьянова, 30",55.680576,37.715621999999996
Печатники,"Спортивный центр ""Новатор""",Gym,Ул. Полбина д.9 стр.3,55.68028976213819,37.73104452565549
Филёвский Парк,Олимпик Стар,Gym / Fitness Center,"Рублевское ш., 10",55.73890436279146,37.44041831828035
Филёвский Парк,Качалка под открытым небом в Суворовском парке,Gym,Россия,55.736670790791855,37.4555178209047
Фили-Давыдково,Hardcore Gym,Gym,Kastanaevskaya st.,55.73469651010939,37.47443863297378
Донской,Power Style,Gym / Fitness Center,"5-й Донской пр., 15, корп. 3",55.70823730749672,37.60021413191069
Донской,Скалодром 4810,Climbing Gym,"Орджоникидзе 11, строение 42, подъезд 9",55.707757154748116,37.597361139271285
Даниловский,Gym @RaiffeisenBank,Gym,"Andropova Avenue, 18 bld 2",55.69601896747752,37.66270504741428
Печатники,Winner,Gym,"Ул. Кухмистерова, 5",55.686373473401616,37.72184509705493
Печатники,Арт Фитнес,Gym / Fitness Center,"Ул. Полбина, д. 3, стр. 1",55.68343748435757,37.73084978801087
Крылатское,Neofit,Gym / Fitness Center,"Крылатские Холмы дом 5 корпус 1, 121609",55.74882449352209,37.42410725429069
Крылатское,MG Fitness,Gym,"ул. Крылатские Холмы, 5, стр. 1",55.749112115345966,37.42328153384685
Крылатское,Мастер Джим,Gym,"ул. Крылатские Холмы, 7",55.7486754914256,37.42275253275656
Фили-Давыдково,Фитнес Холл,Gym / Fitness Center,"Кастанаевская, 38",55.73577550569669,37.479827793315174
Донской,Plasty Plus,Gym / Fitness Center,"ул. Шаболовка, 54",55.71252795371686,37.60639320814358
Даниловский,Alex Fitness,Gym / Fitness Center,"ТРЦ «Ереван Плаза» (Большая Тульская ул., 13), 115191",55.70795813252286,37.621547192459815
Даниловский,Lomov Gym,Gym / Fitness Center,"ТРЦ «Ривьера» (Автозаводская ул., 18), 115280",55.705290275968466,37.63736611779307
Даниловский,"Батутный Центр ""Олимпионик""",Gymnastics Gym,"Автозаводская ул., д.23/12, 115280",55.7037616167534,37.636896902624414
Даниловский,Zavod,Gym / Fitness Center,"2-й Кожуховский Проезд, 25, стр. 3",55.701536161974346,37.65747434635337
Даниловский,Спортивный комплекс «Торпедо»,Gym / Fitness Center,"Автозаводская ул., 21 (ТТК)",55.70320429193532,37.65232105940007
Крылатское,M&G,Gym,"Рублевское ш., 48",55.75402713225496,37.40573611628576
Крылатское,Зал Единоборств MG,Gym,Россия,55.75036583140915,37.43771296728929
Филёвский Парк,Тонус-клуб,Gym,"Ул. Олеко Дундича 21, корп. 3",55.738640457293386,37.48845539799306
Филёвский Парк,X-Fit,Gym / Fitness Center,"ул. Василисы Кожиной, 1, 121170",55.737290064775856,37.50410140800053
Донской,Биосфера,Gym / Fitness Center,"Малая Калужская ул., 15, стр. 4",55.71809011062589,37.5979344835831
Донской,Спорт Клуб Энергия,Gym,Шухова Д.18 (Шухова 18),55.716811693198395,37.609988101479175
Даниловский,World Gym,Gym / Fitness Center,"Дубининская ул., 71",55.71115500000001,37.63277
Даниловский,Monkey Studio,Gym / Fitness Center,Россия,55.71332506887231,37.63407877930672
Даниловский,Masters,Gym / Fitness Center,"Дубининская ул., 71, 115054",55.71115506384242,37.63269876149271
Печатники,Спортзал ЦСКО Сбербанка,Gym,Москва,55.700941113629945,37.689988516457426
Крылатское,La Collina,Gym / Fitness Center,"ул. Крылатские холмы, 35",55.75876905363007,37.41965259478046
Крылатское,Йога Практика,Yoga Studio,"ул. Крылатские Холмы, 33",55.75668245515472,37.41869797174969
Крылатское,NeoFit Club,Gym / Fitness Center,"ул. Крылатские Холмы, 33",55.75675961967797,37.41816153319984
Филёвский Парк,Fitness One Art Горбушкин Двор,Gym / Fitness Center,121309,55.741760198188416,37.50509793130472
Филёвский Парк,WeGym,Gym / Fitness Center,"ул. Барклая, 6, стр. 5",55.73944368334714,37.5083064385426
Даниловский,Школа Йоги Ваджра,Yoga Studio,Россия,55.71762485254808,37.627669598480395
Даниловский,AQQUA FIRST,Gym / Fitness Center,"3-й Павловский переулок, д.1, корп. 57, стр. 3",55.718836722691,37.63125924147234
Даниловский,На батуте,Gymnastics Gym,"ул. Ленинская Слобода, 26, стр. 35",55.711381285695325,37.65492633376368
Даниловский,НАДО Medical Fitness,Gym / Fitness Center,"Восточная 4 корп. 1 стр. 10, 115280",55.71431214652903,37.65511937712299
Даниловский,Fitness One Art,Gym / Fitness Center,"ул. Ленинская Слобода, 26, стр. 3, 115280",55.711259745568654,37.656054658343024
Филёвский Парк,Йога,Yoga Studio,ПКиО «Фили»,55.75049058621216,37.48989189706942
Филёвский Парк,Звезда,Gym / Fitness Center,"Большая Филевская ул., 20, 121309",55.74818536331523,37.497753888119824
Филёвский Парк,"Спорткомплекс ""Фили""",Gym,"Новозаводская ул., 27",55.74980242489807,37.49879209735987
Филёвский Парк,ABADA Capoeira м. Багратионовская,Martial Arts Dojo,"Новозаводская ул., 27, город Москва, город Москва",55.7497333006081,37.4987753419596
Филёвский Парк,Alex Fitness,Gym / Fitness Center,"ТРЦ «Филион» (Багратионовский пр., 5)",55.744426957087114,37.50896563163044
Даниловский,CrossFit Natrium,Gym / Fitness Center,"Дубининская ул., 55",55.72171961193045,37.63655384905208
Даниловский,Московский Центр Крав-мага,Martial Arts Dojo,"Восточная Улица, 4",55.71559834884668,37.6587221525869
Даниловский,"Тренажёрный зал ""Арена"" на Восточной",Gym / Fitness Center,ул. Восточная. 4АС8,55.71572100272557,37.659205919576436
Даниловский,Боксёрский клуб «Торпедо»,Boxing Gym,"Стадион им. Э.А. Стрельцова (Восточная ул., 4а, стр. 12)",55.71730873738288,37.65741831761429
Южнопортовый,Crossfit Pahar (Rigert Academy),Gym / Fitness Center,1я ул. Машиностроения 10,55.71354561997249,37.67209547538396
Южнопортовый,Зебра,Gym / Fitness Center,"1-я ул. Машиностроения,  10, 115088",55.71463487179607,37.6726129329165
Южнопортовый,Комета,Gym / Fitness Center,"1-я ул. Машиностроения, 3",55.71493349458631,37.67321329183924
Крылатское,Yaradance Studio,Gym / Fitness Center,Россия,55.770951915651686,37.40697575767797
Крылатское,Cycle Pro,Cycle Studio,"Крылатская ул., 10, www.cyclepro",55.762899795933905,37.433184334883386
Крылатское,International gym,Gymnastics Gym,"Крылатская Ул., 10",55.76351192331204,37.433283053454964
Крылатское,K•10 Cycle Studio,Cycle Studio,"10 улица Крылатская, 121552",55.764199025405645,37.433604882333775
Крылатское,Sport&spa,Gym / Fitness Center,Крылатская улица дом 10 стр.1,55.763925649320825,37.43240038035177
Филёвский Парк,Спортивный центр доктора Бубновского,Gym,Неверовского 10с4,55.75057717152328,37.49807619575664
Южнопортовый,Атлетический клуб «Аксон» им. Ю. С. Поветкина,Gym,"Шарикоподшипниковская ул., 6/14 (Новоостаповская ул.), 115088",55.72011307201209,37.6732349395752
Текстильщики,"ДС ""Москвич""",Gym / Fitness Center,"ул. Люблинская, 15",55.70697533310804,37.73122661540782
Текстильщики,Winner,Gym / Fitness Center,"8 улица 8-я Текстильщиков, 109129",55.70400796031423,37.74056863293414
Текстильщики,Спарта,Gym / Fitness Center,"8-я ул. Текстильщиков, 15",55.70274077279845,37.745314588019035
Крылатское,The Base Fitness,Gym / Fitness Center,"улица Крылатская 15, 121614",55.769923972928886,37.42606259852725
Филёвский Парк,Fashion Fitness ФилиГрад,Gym / Fitness Center,"Береговой проезд 5а, 121087",55.75495903580158,37.509878987774854
Южнопортовый,МСК Гравитация,Gym / Fitness Center,Новоостаповская 5/2,55.72316423752175,37.677933545163
Южнопортовый,AR City Gym,Gym / Fitness Center,"ул. Мельникова, 7, с. 2",55.725449032745,37.67261918333893
Южнопортовый,YOGA Factory,Yoga Studio,"Волгоградский просп., 32, стр. 8",55.72222477624526,37.689911697677104
Южнопортовый,Боксёрский клуб «Ударник»,Boxing Gym,"Волгоградский просп., 32, корп. 8",55.7221026450743,37.69054943367264
Текстильщики,Спортзал / Тренажерный зал,Gym,Варшавское Шоссе,55.708587086915216,37.74228795506677
Крылатское,Workout Живописный,Outdoor Gym,Россия,55.77343206419981,37.42353386131961
Филёвский Парк,Геркулес Фитнесс & Релакс,Gym / Fitness Center,"Филевский бул., 24, 121601",55.76616469618072,37.48634930310849
Филёвский Парк,Фитнес-клуб «Физ-Ра»,Gym / Fitness Center,"Филевский бул., 10, 121601",55.763597085755684,37.48702583046311
Южнопортовый,Центр Боевых Искусств,Martial Arts Dojo,Волгоградский Проспект 28 С 1,55.72625465599414,37.68285323133932
Южнопортовый,CrossFit Medieval,Gym / Fitness Center,Volgogradskiy Prospect 32 building 8,55.7235396735089,37.68887161454274
Южнопортовый,Спортивный зал МЦА ОАО Сбербанка России,Gym,"Волгоградский пр-кт, 32, корпус 45, этаж 2",55.72235373979999,37.69579479589972
Нижегородский,Capoeira sem fronteira,Martial Arts Dojo,"Волгоградский просп., 45",55.73107966660989,37.68799861667998
Нижегородский,СССР,Gym / Fitness Center,Михайловский проезд 1,55.73187620344293,37.68688398445571
Нижегородский,СССР,Gym / Fitness Center,Ул. Средняя Калитниковская Д.26/27 Стр.1,55.733362942846746,37.69769829034505
Рязанский,"Спортивный Клуб ""ФЛАГМАН""",Gym / Fitness Center,Мещерский Пер 2/5,55.71515411296944,37.7797375753161
Нижегородский,СБК Бурмистрова,Martial Arts Dojo,"Ул нижегородская, 50",55.73538533632728,37.701208034138354
Нижегородский,Legenda Fight Club,Martial Arts Dojo,109052,55.733183999999994,37.713342
Нижегородский,Зебра,Gym / Fitness Center,"Рязанский просп., 2, 109052",55.730201569463,37.73871351804056
Рязанский,Platinum Fitness,Gym / Fitness Center,Москва,55.71928961849385,37.778827082485535
Рязанский,Titanium,Gym,"ул. Паперника, 9",55.72070094079466,37.78730393661505
Некрасовка,Апельсин,Gym / Fitness Center,2-я Вольская 11к4,55.690096021155775,37.9251956864919
Лефортово,Территория фитнеса,Gym / Fitness Center,"ТРК «СпортЕХ» (5-я Кабельная ул., 2)",55.73768330800313,37.716543381682186
Нижегородский,BB-sport Lipovoy Gym,Martial Arts Dojo,"Смирновская ул., 25",55.73719825188034,37.713951607187035
Лефортово,Скалодром X8,Climbing Gym,Россия,55.738038661117976,37.71689771910203
Нижегородский,Русич,Martial Arts Dojo,"Смирновская ул., 25, стр. 15",55.73724550962197,37.71395406095321
Косино-Ухтомский,"ФОК ""Атлант-Косино""",Gym / Fitness Center,"Бол. Косинская ул., 5а (Муромская ул.), 111621",55.7124559976671,37.853968287447906
Косино-Ухтомский,"Смешанные единоборства и кроссфит в клубе ""Молот""",Martial Arts Dojo,Большая Косинская 5а,55.712678809233545,37.854094141964325
Лефортово,5 БАЛЛОВ,Gym,"Станция метро Авиамоторная, ул, Авиамоторная 40, 111024",55.74193145355125,37.72078295169175
Косино-Ухтомский,Качалкус,Gym / Fitness Center,"Дмитриевского, 3, 111675",55.70989776945241,37.88351256323508
Косино-Ухтомский,Экспресс Фитнес,Gym / Fitness Center,Дмитриевского 10,55.708904431612304,37.88532909414371
Косино-Ухтомский,Стрекоза СпортЗал,Gym / Fitness Center,Святоозерская улица,55.71096174317229,37.89501730551277
Лосиноостровский,"Клуб единоборств ""Сварог""",Boxing Gym,Россия,55.8782632798025,37.70167677218826
Лосиноостровский,Fitland,Gym,"Малыгина д. 3 стр.2, 129346 ‎",55.8777928383715,37.69998898213589
Лианозово,Спортивный Центр ИМА ЛИАНОЗОВО,Gym,"ул.Абрамцевская д.9 к.1, город Москва",55.9048605380922,37.57184565843576
Лосиноостровский,гранат,Gym / Fitness Center,Россия,55.88287298328903,37.68598808805879
Лосиноостровский,Фитнес Лэнд,Gym,Анадырский проезд д.63а,55.8801576645309,37.70902435861046
Молжаниновский,Фитнес-центр,Gym / Fitness Center,"Sheraton Moscow Sheremetyevo Airport Hotel, Химки",55.94860061899114,37.41629745375591
Щукино,Паллада фитнес,Gym / Fitness Center,"ул. Маршала Бирюзова, 7, 123298",55.790891626979075,37.49690780581979
Лефортово,Up&Fly,Gymnastics Gym,Танковый проезд 4 стр 6,55.75517578057515,37.68681158709611
Лефортово,Рубикон Батут,Gym / Fitness Center,"2-й Кабельный пр., 1",55.74796938755557,37.71710894615777
Лефортово,Золотой дракон,Martial Arts Dojo,"ш. Энтузиастов, 9а",55.751686873162576,37.71233986722843
Лефортово,Физкультурно-оздоровительный центр Wellness & Spa,Gym / Fitness Center,"2-я Кабельная ул., 2, стр. 26, 111024",55.749196872688856,37.71145046173451
Косино-Ухтомский,NumberOneFit,Gym / Fitness Center,"Лухмановская, 6, 111625",55.71319920797267,37.898641681168094
Щукино,ДОН-Спорт,Gym / Fitness Center,"ул. Авиационная, 79 (ЖК Алые Паруса)",55.8067262943605,37.45064117037948
Щукино,Фитнес Центр Бенефит,Gym / Fitness Center,Живописная 58,55.80469948769171,37.45177248254916
Щукино,"Боксёрский клуб ФСК ""Раунд""",Boxing Gym,Новохорошёвский пр. д. 24 корп. 2,55.80290394959936,37.45538593754606
Щукино,Республика фитнес клуб,Gym / Fitness Center,Площадь Курчатова,55.800601053980856,37.47135277707242
Щукино,Йога Hatha в Republika Fitness,Yoga Studio,Россия,55.80004920633309,37.47094594686553
Щукино,Gud Fit,Gym / Fitness Center,"ул. Маршала Бирюзова, 20к1",55.79643692329897,37.49152980322946
Щукино,Мастер Спорта (Зебра),Gym / Fitness Center,"ул. Маршала Рыбалко, 3, 123060",55.79628062875184,37.49375023949234
Щукино,Reebok CrossFit Beard,Gym / Fitness Center,"Алабяна ул., 13, корп. 1",55.7973213676839,37.496937048611436
Сокол,Палестра Sport,Gym / Fitness Center,"2-я Песчаная ул., 4а",55.79379207740814,37.51621979346599
Лефортово,Самокат,Gym / Fitness Center,"Самокатная ул., 2, корп. 1, 111033",55.757907672432744,37.67682876907328
Лефортово,X-Fit,Gym / Fitness Center,"ул. Авиамоторная, 10, 111024",55.754160517736,37.71543900602148
Новогиреево,Фитнес-клуб «Фитнес Сити»,Gym,"Кусковская, 20а, корп. В, Бизнес-центр ""Кусково"".",55.741208474344006,37.78554374882372
Косино-Ухтомский,Территория фитнеса,Gym / Fitness Center,"Салтыковская ул., 8",55.72776022038581,37.86084542604894
Косино-Ухтомский,Sportown,Gym / Fitness Center,"ул. Медведева, 10, 111674",55.71786425646079,37.88976871589519
Лефортово,Спортзал Энергетическая 18,Gym,"Энергетическая ул., 18",55.757161319303464,37.712724005737535
Новогиреево,"Фитнес-клуб ""Атлетик""",Gym / Fitness Center,Россия,55.7436912717338,37.787530047130645
Косино-Ухтомский,ФОК Альбатрос,Gym / Fitness Center,"Лухмановская, 19а",55.72205503241442,37.891814397054965
Аэропорт,Гимнастический клуб «Динамо» им. Михаила Воронина,Gymnastics Gym,"Спортивный парк «Динамо» (Ленинградский просп., 36)",55.79029459866865,37.56498022597205
Марьина Роща,Центр йоги и здоровья Достоевская,Yoga Studio,"Улица Октябрьская, 4",55.78519472718219,37.61456296167907
Лефортово,WeGym,Gym / Fitness Center,"2-я Синичкина ул., 9а, стр. 4 (Юрьевский пер.), 111020",55.76099493643628,37.71742462789619
Новогиреево,Эра фитнес,Gym / Fitness Center,"Зеленый просп., 20",55.750223504947215,37.78733944058489
Новогиреево,Yoga Practika,Yoga Studio,"Зелёный просп., 22",55.74789271948126,37.800635738795854
Новокосино,"Спортивный комплекс ""Надежда""",Gym,"Новокосинская улица 6а, 111673",55.733164474924614,37.85619330629584
Покровское-Стрешнево,Тренажерный зал МГТУ Банка России в Отделении 1,Gym,"Волоколамское Шоссе, 75, город Москва",55.82568071430345,37.42579116020684
Покровское-Стрешнево,СДМ Фитнес,Gym / Fitness Center,"Волоколамское шоссе, 73",55.824639703829654,37.42921606241106
Сокол,Спортивный клуб «Синергия» / Synergy Gym,Martial Arts Dojo,"Ленинградский просп., 80, корп. 1, 125190",55.810450522709296,37.50773328084761
Сокол,Спорткомплекс МАИ Черепаха,Gym,"Волоколамское ш., 4, корп. 12, 125310",55.80933776039921,37.49953936353182
Аэропорт,Busido,Martial Arts Dojo,Россия,55.79981479369154,37.54360881743399
Аэропорт,Yogazall,Yoga Studio,Россия,55.80137526169055,37.55479856522562
Савёловский,СДЮСШОР №25,Martial Arts Dojo,"Вятская ул., 28 (2-я Квесисская ул.), 127015",55.79579584639779,37.58238872085818
Соколиная Гора,OriGym,Gymnastics Gym,"ш. Энтузиастов, 31/1",55.76246903175785,37.74858536317553
Новогиреево,Атлетик,Gym,Россия,55.745882088532746,37.82288189774659
Новогиреево,Мой Фитнес Клуб,Gym,"Фрязевская д.9 к.1, город Москва",55.74599561112916,37.82219768411427
Новокосино,Fitform,Gym,"9 улица Суздальская, 111672",55.742251631126344,37.84752665511489
Новокосино,Спортив,Gym / Fitness Center,Ул Городецкая 8а,55.73909005257179,37.86511099023458
Покровское-Стрешнево,Alex Fitness,Gym / Fitness Center,"Тушинская ул., 17",55.8268265479996,37.44504035311985
Покровское-Стрешнево,ELSE Club,Gym / Fitness Center,"Иваньковское ш., 5 (парк Покровское-Стрешнево)",55.82010881743023,37.46523263085109
Покровское-Стрешнево,CrossFit GERAKLION,Gym / Fitness Center,"Сосновая Аллея, 1, 125367",55.819285429994224,37.463407502261255
Покровское-Стрешнево,First&Only,Gym / Fitness Center,"5 Иваньковское шоссе, 125367",55.820108,37.465509000000004
Аэропорт,Esthetic Lab,Gymnastics Gym,"Часовая улица, 28 (1-й Балтийский переулок, 2-й Балтийский переулок, )",55.812013492993536,37.522377819701
Аэропорт,Дайвадо,Martial Arts Dojo,"ул. Часовая, 19к3",55.8088199770827,37.52102952267627
Сокол,Зебра,Gym / Fitness Center,Балтийская ул. 15,55.81092680818711,37.514942066299966
Савёловский,Смена,Gym / Fitness Center,"ТЦ «Вымпел» (Старый Петровско-Разумовский пр., 1/23, стр. 1)",55.800570823999394,37.5657028900736
Савёловский,Red Point Скалодром,Climbing Gym,"Zupre (Вятская ул., 27, корп. 12), 127015",55.79690373313306,37.58062564436869
Савёловский,СК МПО им. И.И. Румянцева,Gym / Fitness Center,"Писцовая ул., 12",55.79793743473247,37.577229443475055
Савёловский,Тренажерка,Gym,Москва,55.79830890626806,37.57742572920185
Бутырский,Fireballet,Gym / Fitness Center,"Новодмитровская 12, город Москва",55.79752223425398,37.58607644138368
Покровское-Стрешнево,Сок Дск-1,Gym,Россия,55.83298878328368,37.426059811347095
Покровское-Стрешнево,Workout Zone в Покровском-Стрешневе,Outdoor Gym,Покровское-Стрешнево (природно-исторический парк),55.822116,37.479275
Войковский,"спортивный клуб ""Медведь""",Martial Arts Dojo,Россия,55.81923210129828,37.492137188105104
Войковский,Yoga Practika,Yoga Studio,"Ленинградское ш., 16А, стр. 3",55.82214607451243,37.49869603644332
Тимирязевский,Лесной клуб,Outdoor Gym,Тимирязевский парк,55.80844551484251,37.54976208426551
Бутырский,На батуте,Gymnastics Gym,"Складочная, 1/1",55.80090183667511,37.59600041240633
Марьина Роща,ФОК «Марьина Роща»,Martial Arts Dojo,"3-й пр. Марьиной рощи, 3",55.79675750303818,37.62261218978071
Сокольники,FitCurves,Gym / Fitness Center,"ул. Маленковская, д.32с2",55.78690976909854,37.675442637659685
Сокольники,Тенгу,Martial Arts Dojo,"Попов пр., д. 1 (Гастелло ул.)",55.783659001933174,37.697542945042976
Соколиная Гора,Up & Fly,Gymnastics Gym,"Большая Семёновская ул., 42",55.77992204898468,37.71318082040117
Новогиреево,Виват,Gym / Fitness Center,"Напольный пр., 6а",55.75808172411255,37.82271452032206
Южное Тушино,Gym Fitness Studio,Gym / Fitness Center,Донелайтиса 14,55.84048331585762,37.41577216351885
Покровское-Стрешнево,Паллада фитнес,Gym,"Свободы ул., 20",55.832799290318746,37.45369342095498
Войковский,Marina Club,Gym / Fitness Center,"Ленинградское ш., 25а, стр. 4, 125212",55.82724652441128,37.47844387922292
Войковский,ЦСК ВМФ (тренажерка),Gym,Россия,55.82721204432827,37.47846461189126
Войковский,Скалодром Marina Club,Climbing Gym,Россия,55.82715978304017,37.47849916455433
Войковский,Центр йоги Прана,Yoga Studio,"Старопетровский проезд, д.1, стр.2",55.82408599668054,37.50020516323252
Войковский,World Class,Gym / Fitness Center,"Ленинградское шоссе, д.16А, стр. 8 (Ленинградское ш., 16а, стр. 4), 125171",55.824751,37.49752
Войковский,Real Capoeira,Martial Arts Dojo,"Старопетровский пр-д, 8",55.82275031890328,37.504197845642
Коптево,Столичная штучка,Gym / Fitness Center,"ул. Приорова, 22",55.82070540695721,37.52397238270668
Бутырский,Реал Капоэйра,Martial Arts Dojo,"Новодмитровская ул., 5а, стр. 2",55.80677899349919,37.58854150772096
Бутырский,Вкус и Цвет. Yoga & Practice,Yoga Studio,"16 Novodmitrovskaya ulitsa, 127254",55.805337,37.586349
Бутырский,"ММА, грэпплинг и BJJ клуб ZALEEV FIGHT TEAM",Martial Arts Dojo,"Новодмитровская ул., 5А, стр. 2, 127015, Ул Новодмитровская 5а, стр 2",55.807188214825246,37.58885624163928
Бутырский,"Клуб боевых искусств ""Альянс""",Martial Arts Dojo,Новодмитровская ул. д.5 (Ул. Сталеваров),55.80690080705038,37.588391304016106
Бутырский,Steel City,Gym,"Складочная 3 Стр. 7, 127015",55.8064641861254,37.59311331910789
Соколиная Гора,Школа Каула-йоги,Yoga Studio,"Семеновская площадь, 7, 105318",55.783824502294685,37.721118810824095
Соколиная Гора,#sekta Школа Идеального Тела,Gym / Fitness Center,"Семеновская Пл., 7",55.784462518219996,37.72013109716017
Соколиная Гора,Gold Fitness,Gym / Fitness Center,"Семеновская пл., 7",55.78415460321339,37.72008051763368
Измайлово,Площадка для воркаута,Outdoor Gym,ПКиО «Измайловский»,55.77480038840678,37.75062741918549
Измайлово,Йога в Измайловском парке,Yoga Studio,Россия,55.77476151073983,37.75267604560312
Южное Тушино,Спорткомплекс Северо-запад (Сходня),Gym,"Фабрициуса, 41",55.84401919199605,37.424034082625816
Войковский,Dr. Loder “Город Яхт»,Gym / Fitness Center,"37 Ленинградское шоссе, 125212",55.83186805631625,37.48300350406164
Коптево,"Тренажерный зал ""Бригантина""",Gym / Fitness Center,"Улица Зои и Александра Космодемьянских 35/37, 125130",55.82465329821592,37.525568974414746
Тимирязевский,Прана,Yoga Studio,"Дмитровское ш., 9, корп. 2",55.81525041614026,37.575634065205776
Тимирязевский,Pride Club,Gym / Fitness Center,"Дмитровское шоссе,9",55.814373219599716,37.57405614644549
Тимирязевский,"Клуб Айкидо ""СИТИ-ГО-САН"" (зал на Тимирязевской)",Martial Arts Dojo,"Дмитровское ш. 9, стр. 3",55.81466986929966,37.573949812448255
Тимирязевский,Молодой Атлет,Gym,"Дмитровское ш., 5/1 (ул. Всеволода Вишневского)",55.813235587909965,37.57723056150863
Марьина Роща,World Class,Gym / Fitness Center,"12-й пр. Марьиной рощи, 9, влад. 2 (Шереметьевская ул.), 127521",55.8044,37.61841
Сокольники,Cycle Pro,Cycle Studio,"ФОК «Сокольники» (3-й Лучевой просек, 4), 107113",55.79683198343319,37.67417587288971
Сокольники,СССР,Gym / Fitness Center,"Стромынский пер., 6",55.792201090271256,37.69426128654675
Преображенское,Gold's Gym,Gym / Fitness Center,"Электрозаводская ул., 27, стр. 3, 107023",55.79050958268362,37.70518792114713
Соколиная Гора,Фитнес-клуб СССР,Gym / Fitness Center,"Ткацкая, 5",55.7863331920779,37.72404984369109
Соколиная Гора,Лайт фит,Gym / Fitness Center,"Щербаковская ул., 53 к17",55.78442612793163,37.73680763286401
Южное Тушино,"Спортивный клуб ""Олимп""",Gym,Nelidovskaya st. 19,55.84484005908555,37.43790734791031
Южное Тушино,World Class LITE,Gym / Fitness Center,"улица Лодочная, д. 43, 125364",55.84266646098628,37.46084805495659
Войковский,Тинькофф Спорт,Gym / Fitness Center,"Ленинградское ш., 39А, стр. 1, 125212",55.83757314730385,37.48122750268271
Войковский,Kaspersky Lab Gym,Gym / Fitness Center,"Ленинградское ш., 39А стр.3",55.83687228889562,37.48167086565347
Войковский,ZARЯDKA GYM,Gym,"ул. Адмирала Макарова 6, cтр. 13",55.836121247688205,37.490800699691036
Войковский,N-choice,Gym / Fitness Center,"ул. Адмирала Макарова, 4",55.833855702822284,37.49274366046753
Бутырский,Yoga Class,Yoga Studio,Россия,55.81949054038634,37.58153066103918
Алексеевский,Боксерский клуб Ударник,Boxing Gym,"улица 3-я Мытищинская 16, 129626",55.805742,37.645344
Сокольники,Центр Доктора Бубновского,Yoga Studio,"4-й Лучевой просек, д.4 (пав.5), 107014",55.80103487533968,37.67265600437698
Преображенское,Reebok Crossfit Bayard,Gym,"Преображенская пл., 12",55.794760578369036,37.71328248346331
Преображенское,Файт & Фит центр «Паладин»,Gym / Fitness Center,"Моссовет (Преображенская пл., 12)",55.79444400749073,37.71317201516101
Соколиная Гора,Анэт,Gym / Fitness Center,"Мироновская ул., 27, 105318",55.788765849663754,37.7324045643984
Южное Тушино,Территория фитнеса,Gym / Fitness Center,"ТРЦ «Калейдоскоп» (Сходненская ул., 56)",55.85043657771145,37.442613704076265
Южное Тушино,Планета Спорт,Gym,Россия,55.84774993299966,37.454241313375185
Южное Тушино,Спортив,Gym / Fitness Center,"ул. Свободы, 48",55.848375776018656,37.45363449009076
Головинский,Зебра,Gym / Fitness Center,"Ленинградское ш., 45-47",55.84559339369326,37.47618244705818
Головинский,Айенгара,Yoga Studio,"Ленинградское ш., 58, корп. 17",55.84425418059703,37.48323817387942
Коптево,ФЕНИКС,Gym / Fitness Center,"Коптевский бул., 15А",55.83181073075837,37.53004593196412
Тимирязевский,Юна Спорт,Gym / Fitness Center,"ул. Большая Академическая, 38с11",55.83192660887917,37.534108524353854
Тимирязевский,ФитЛайт,Gym / Fitness Center,Большая Академическая Д.38,55.831947182991826,37.53370133170212
Бутырский,Black Cat,Gym / Fitness Center,Россия,55.81982154685581,37.59397232790371
Останкинский,Мастерская Йоги,Yoga Studio,"ул. Бочкова, 8",55.81122937448257,37.63193985031155
Алексеевский,Анахата Йога,Yoga Studio,"Новоалексеевская ул., 25, 129626",55.810691753006964,37.651243147687076
Преображенское,Боксерский клуб КИТЭК,Boxing Gym,"ул. Атарбекова, 3/5",55.79697488493402,37.706070678347494
Преображенское,Лайт-фит,Gym / Fitness Center,"1-я улица Бухвостова, 3",55.79860333804272,37.70903578018321
Измайлово,Марк Аврелий,Gym / Fitness Center,"Измайловское ш., 71",55.79157408986473,37.749033263065435
Измайлово,Классика,Gym / Fitness Center,Измайловское шоссе 71,55.79038830077106,37.74825418454315
Бутырский,Твой Фитнес,Gym / Fitness Center,"Яблочкова, 37",55.82715617010559,37.57919210679533
Останкинский,Зебра,Gym / Fitness Center,"ул. Академика Королева, 13, стр. 5, 129515",55.82057218215456,37.61754872016065
Алексеевский,Твой Фитнес,Gym / Fitness Center,"ул. Маломосковская, 27, к. 2",55.81259106825202,37.653676104352535
Левобережный,X-Fit,Gym / Fitness Center,"Флотская ул., 5в",55.851924,37.491979
Марфино,"Спортклуб ""Останкино""",Gym / Fitness Center,Москва,55.82929917512053,37.5984146545656
Марфино,Фитнес Марфино,Gym / Fitness Center,Россия,55.83162469486801,37.59187334749783
Алексеевский,Playfit,Gym,"Ракетный бульвар, 16, 129164",55.8173104663321,37.656015376549604
Богородское,Hummer Gym,Gym / Fitness Center,"3-я Гражданская 52, 105118",55.81060948826328,37.70965948191296
Преображенское,Мисс Фитнес,Gym / Fitness Center,"Зельев пер., 11",55.80378852961105,37.71754813749465
Восточное Измайлово,Аэробика ПМГМУ,Gym,"ул. Нижняя Первомайская (11-я Парковая), город Москва",55.790951866836004,37.8047528863941
Левобережный,Yayoga Студия,Yoga Studio,"Фестивальная ул., 13 к.3",55.857272608315256,37.47606984313122
Ховрино,Dance & Beauty,Gym / Fitness Center,"ул. Лавочкина, 34, 125581",55.85638558583642,37.492634423913096
Ховрино,City Fitness,Gym / Fitness Center,"ул. Лавочкина, д. 32",55.85530214448178,37.49403082865512
Ховрино,Ladies Fitness©,Gym,"Лавочкина, 34",55.85655490128149,37.49481853822435
Алексеевский,Космос,Gym / Fitness Center,"Гостиница «Космос» (просп. Мира, 150), 129366",55.82260682007589,37.6452203291766
Алексеевский,Касаткина 19,Gym / Fitness Center,Касаткина 19,55.82328786934162,37.665436175769116
Богородское,Спарта,Gym / Fitness Center,"3-я Богатырская ул., 1, корп. 1",55.81603905151188,37.694030243379075
Богородское,Fitlab studio,Gym / Fitness Center,"Бульвар Маршала Рокоссовского 6 Корп 1 В, 107370",55.81084509971849,37.72796399669655
Преображенское,Зебра,Gym / Fitness Center,"ул. Большая Черкизовская, 125А",55.80425827478573,37.74085274536501
Преображенское,Локо-Спорт,Gym / Fitness Center,"ул. Большая Черкизовская, 125c4, 107553",55.805935721860386,37.739550195383615
Измайлово,Бойцовский Клуб KF-Fighters,Martial Arts Dojo,Сиреневый Бульвар 4 стр 3,55.80050112492828,37.762062516021096
Измайлово,Фитнес-клуб Гармония,Gym / Fitness Center,7я Парковая 15,55.79721481992628,37.791712689306344
Восточное Измайлово,Спортивный клуб O2,Gym / Fitness Center,"11-я Парковая ул., 24",55.79461666915617,37.805870189120114
Восточное Измайлово,Фитнес-клуб Сана,Gym,"Нижняя Первомайская ул., 65",55.79129023709451,37.811551724542646
Ховрино,Wild Athletic Club,Gym / Fitness Center,"ул. Фестивальная, 53а",55.86062626527804,37.495234552457966
Ховрино,Kenga (Кенга),Gym / Fitness Center,"ул. Фестивальная, 22 корп. 6а, 125581",55.858312422158185,37.50109070260169
Тимирязевский,Зебра,Gym / Fitness Center,"3-й Нижнелихоборский проезд, д. 1, стр. 16",55.847881187255275,37.56480579349167
Тимирязевский,Me Yoga,Yoga Studio,"Локомотивный проезд, 19",55.84397407531907,37.57439398069022
Останкинский,Площадка для воркаута,Outdoor Gym,ВДНХ,55.83839852639731,37.61210638407944
Ростокино,Норд-СВАО бокс,Martial Arts Dojo,"ул. Сергея Эйзенштейна, 2",55.830581878210246,37.64679217623769
Алексеевский,Yoga Practika,Yoga Studio,"ул. Касаткина, 1, корп. 1",55.82738977870082,37.65192293315543
Северное Измайлово,X-Line Fitness,Gym / Fitness Center,Россия,55.804547073437604,37.78139876275785
Куркино,Здоровое движение,Gym,"Ландышевая, 14",55.8839003586389,37.389444303501115
Куркино,Alex Fitness,Gym / Fitness Center,"ТЦ «Арфа» (73-й км МКАД), 125412, Химки",55.87659375725972,37.42201074064807
Левобережный,Скалодром Rock-climbing.ru,Climbing Gym,"ТЦ «Экстрим» (Смольная ул., 63Б)",55.87012442862847,37.46942076507786
Ховрино,CrossFit Idol,Gym / Fitness Center,"ул. Лавочкина, 23",55.864174,37.484634
Ховрино,Тренажерный Зал РГТЭУ,Gym,"Ул. Смольная дом 36, город Москва",55.86541852176402,37.47836922473031
Ховрино,Студия йоги Ганеша,Yoga Studio,"Петрозаводская, 15",55.86405647223278,37.49431783467252
Ховрино,Париж Life,Gym / Fitness Center,"ул. Петрозаводская, 11/3",55.8659744350603,37.4957490295489
Марфино,Муай-Тай,Gym,"Ботаническая, 14а, 127426",55.84652743835656,37.586930755014684
Богородское,"ДЦ ""Богомол""",Gym / Fitness Center,"Ивантеевская, д.3 корп.2",55.82207522889485,37.717848642232354
Северное Измайлово,Трудовые Резервы,Gym / Fitness Center,"11-я Парковая, 49",55.80590604299832,37.80490597878683
Северное Измайлово,Олимпик Фитнес,Gym / Fitness Center,Константина Федина Д. 11,55.806729523943964,37.80135309684215
Северное Измайлово,СК Измайлово (Манеж Вольная Борьба),Martial Arts Dojo,Россия,55.80561695175162,37.8047193992586
Восточное Измайлово,Путь Силы,Gym / Fitness Center,"Сиреневый бульвар 52а, 105484",55.80228821778528,37.82147643130988
Восточное Измайлово,Фитнес Спарта,Gym / Fitness Center,"16-я Парковая ул., 27, город Москва, город Москва",55.80157359407402,37.82797183187155
Куркино,BeFitt,Gym / Fitness Center,"Воротынская ул., 18",55.88988500106989,37.388146897980036
Куркино,Highwall,Climbing Gym,"Воротынская ул., 18, 125466",55.88983592803935,37.38789208568828
Куркино,Альфа БенеФит,Gym / Fitness Center,"Воротынская ул., 2",55.88709175973028,37.40274741148113
Бескудниковский,FitОстров,Gym / Fitness Center,"БЦ «Лихоборский» (Дмитровское ш., 60а), 127474",55.85280655255714,37.568559739394686
Восточное Дегунино,зебра,Gym,"Дмитровское шоссе, 60а",55.85475316625517,37.56725731602308
Ростокино,"фитнес ""класс""",Gym / Fitness Center,ул. сельскохозяйственная,55.83873808896661,37.63911702665664
Ростокино,Classclub,Gym / Fitness Center,Искра,55.83878646573904,37.639258637118346
Ростокино,Зебра,Gym / Fitness Center,"Докукина, 8 стр.2",55.83879181635045,37.65381854577452
Ростокино,World Class Триколор,Gym / Fitness Center,"Проспект Мира, 188Бк2, 129128",55.835131833121615,37.657590326853104
Метрогородок,Спортзал РГСУ,Gym / Fitness Center,"Лосиноостроская, 24",55.82463319921647,37.72153107517972
Северное Измайлово,Power Fit,Gym / Fitness Center,"16 Парковая ул., 39",55.80625426858482,37.82942985683168
Левобережный,Парк Искусства - Левобережный (Calisthenics Park - Levoberezhniy),Outdoor Gym,"Smol'naya ulitsa, 125445",55.877368999999995,37.4651
Ховрино,FitCurves,Gym / Fitness Center,"Зеленоградская, 15",55.8697593059661,37.504409493909385
Западное Дегунино,"скалодром ""Экстрим""",Climbing Gym,Смольная 65,55.86720652797452,37.516425545353584
Западное Дегунино,Кокос,Gym,"ул. Пяловская, 7, стр. 3, 127486",55.86277827654126,37.541233907066406
Восточное Дегунино,Family Fitness Club,Gym / Fitness Center,"Дубнинская ул., 26а",55.85938163322078,37.56784614770714
Останкинский,WeGym,Gym / Fitness Center,"Березовая ал., 5",55.84878017338141,37.619634011384
Куркино,Ратибор,Martial Arts Dojo,Юровская 95,55.90004102819688,37.379432698414455
Куркино,Тонус Клуб,Gym / Fitness Center,"Соколово-Мещерская ул., 16/114",55.89776619379466,37.39161648457484
Бескудниковский,"Спортивный Клуб ""Метеор""",Climbing Gym,Россия,55.8691406939878,37.544588859459466
Восточное Дегунино,Фитнес клуб Теорема спорта,Gym,Дубнинская,55.86431500000001,37.566532
Свиблово,Спорткомплекс Свиблово,Gym / Fitness Center,"ул. Седова, 12А, 129323",55.85314868198754,37.637492915794894
Свиблово,BotanicYoga,Yoga Studio,"проезд Нансена, 2, корп. 2",55.84906603955515,37.655665622126435
Северное Измайлово,LES Fitness,Gym / Fitness Center,"Щелковское шоссе, д. 100, корп.10",55.811488079581565,37.83487135745364
Дмитровский,Спортивная Площадка,Gym,Парк,55.87712368786403,37.531147224325
Бескудниковский,Спортивный клуб «Медведь»,Gym,"Бескудниковский бульв., 55, корп. 1",55.87262389326425,37.54036752680327
Бескудниковский,"Тренажерный Зал ""Гриф""",Gym,"Дубнинская ул., 39",55.86692388806422,37.56279767351089
Свиблово,Спортив,Gym / Fitness Center,"Снежная ул., 20 (пр. Нансена), 129323",55.85276605101606,37.647956981996884
Куркино,Sтруктура,Gym / Fitness Center,125466,55.91090817676776,37.37860759471318
Восточное Дегунино,Paris Life,Gym / Fitness Center,"Дмитровское ш., 98",55.87916681041358,37.54703229926567
Восточное Дегунино,Family club lady's,Gym,"Дубнинская ул., 26А",55.87480289350332,37.55801866633261
Бабушкинский,Self Club,Gym,"Верхоянская ул., 9",55.85639475068347,37.66684938239315
Бабушкинский,Локо парк,Gym / Fitness Center,"Верхоянская ул., 9, 129344",55.85649830964925,37.6673848738899
Ярославский,Фитнес клуб N-ERGO,Gym / Fitness Center,"Красная Сосна, 2а, 127550",55.851473412168005,37.67870827116431
Ярославский,Зебра,Gym / Fitness Center,"ул. Красная Сосна, 2а",55.85128799031468,37.679409167160436
Дмитровский,"Тренажёрный зал ""Медведь""",Gym,Россия,55.88592803500641,37.52400237992165
Бабушкинский,Фитнес-клуб Колибри,Gym / Fitness Center,Россия,55.863223626798046,37.6449890441263
Бабушкинский,Спортив,Gym,"Енисейская ул., 5/2 (Радужная ул.)",55.85991455226796,37.66011273334279
Дмитровский,Jungle Fitness,Gym,"17, Ижорский пр-д",55.89134727901777,37.52369638558624
Дмитровский,Paris Life,Gym / Fitness Center,"Лобненская ул., 4а, 127411",55.889689673974964,37.538936496199774
Алтуфьевский,Michael Gym,Gym / Fitness Center,Ул. Стандартная,55.882745502655105,37.57273888529604
Южное Медведково,Спарта (сеть фитнес-клубов),Gym / Fitness Center,Ясный Проезд 10,55.873677331396216,37.62942647463297
Южное Медведково,Cool Dance,Gym,"Магазин Остров, 127081",55.86981021977851,37.63827428252799
Бабушкинский,Power Zone,Gym,"Бабушкина, 17а, 129344",55.86448100000001,37.673728000000004
Бабушкинский,"Спортивный клуб ""Семь-Я""",Gym,"Ленская ул., 18 (Енисейская ул.)",55.86258718583724,37.671417243480356
Южное Медведково,maxfitnes,Gym,Полярная 10 стр. 1,55.87451175719553,37.63813080762088
Бабушкинский,Гуру-йога,Yoga Studio,"ул. Шокальского, 22",55.87254515304698,37.65912834863498
Бабушкинский,Тонус клуб (Фитнес для женщин),Gym,"ул. Менжинского, 38",55.87018049969393,37.66191283054285
Бабушкинский,Твой фитнес,Gym,"Енисейская ул., 29",55.87203777687873,37.66465515109991
Бабушкинский,Сота (Спорт Салон),Gym / Fitness Center,"ул. Менжинского, д. 13, кор. 1",55.86832741800624,37.67260331989612
Дмитровский,Фитнес-клуб HARDman,Gym,"Дмитровское ш., 157, стр. 5",55.89971278911214,37.541220953564064
Южное Медведково,Klochkov Gym,Gym / Fitness Center,"21 улица Полярная, 127081",55.879779354912216,37.63512926884778
Бабушкинский,Зебра,Gym / Fitness Center,"ТЦ «Клен» (Енисейская ул., 37)",55.87597236382724,37.665395078336296
Лосиноостровский,Зебра,Gym / Fitness Center,"ул. Летчика Бабушкина, 32, корп. 3",55.87078447670431,37.678230131307785
Лосиноостровский,Красная Стрела,Gym / Fitness Center,Шушенская Улица,55.86959688432288,37.68656107078517
Ярославский,ФОК,Gym,"Ярославское ш., 114, корп. 1, 129337",55.866019688020536,37.708225378918335
Лосиноостровский,Спортивно-оздорововительный комплекс Олимп,Gym / Fitness Center,"Норильская ул., 7",55.87604248596729,37.695209270217745
Ярославский,Паллада,Gym / Fitness Center,"Ярославское ш., 124",55.87031951244146,37.7138248233709
Лианозово,X-Fit,Gym / Fitness Center,"Угличская ул., 13",55.901908529801894,37.566273808479316
Лианозово,Fit-Studio,Gym / Fitness Center,"Угличская 12к2, 127572",55.90196380103009,37.568932300866585
Ярославский,Зебра Лето,Gym,"Ярославское шоссе, вл. 144, 129347",55.88013443687229,37.72383558066928
